-- --------------------------------------------------------
-- Host:                         103.175.218.141
-- Server version:               PostgreSQL 13.18 on x86_64-pc-linux-musl, compiled by gcc (Alpine 14.2.0) 14.2.0, 64-bit
-- Server OS:
-- HeidiSQL Version:             12.1.0.6537
-- --------------------------------------------------------

/*!40101 SET @OLD_CHARACTER_SET_CLIENT=@@CHARACTER_SET_CLIENT */;
/*!40101 SET NAMES  */;
/*!40103 SET @OLD_TIME_ZONE=@@TIME_ZONE */;
/*!40103 SET TIME_ZONE='+00:00' */;
/*!40014 SET @OLD_FOREIGN_KEY_CHECKS=@@FOREIGN_KEY_CHECKS, FOREIGN_KEY_CHECKS=0 */;
/*!40101 SET @OLD_SQL_MODE=@@SQL_MODE, SQL_MODE='NO_AUTO_VALUE_ON_ZERO' */;
/*!40111 SET @OLD_SQL_NOTES=@@SQL_NOTES, SQL_NOTES=0 */;

-- Dumping structure for table public.Device
CREATE TABLE IF NOT EXISTS "Device" (
	"id" UUID NOT NULL,
	"status" VARCHAR(255) NOT NULL DEFAULT 'draft',
	"date_created" TIMESTAMPTZ NULL DEFAULT NULL,
	"date_updated" TIMESTAMPTZ NULL DEFAULT NULL,
	"name" VARCHAR(255) NULL DEFAULT NULL,
	"mac" VARCHAR(255) NULL DEFAULT NULL,
	"phone" VARCHAR(255) NULL DEFAULT NULL,
	"email_pic" VARCHAR(255) NULL DEFAULT NULL,
	"password_pic" VARCHAR(255) NULL DEFAULT NULL,
	"source_name" VARCHAR(255) NULL DEFAULT NULL,
	"cookies" VARCHAR(255) NULL DEFAULT NULL,
	"cookies_exp" VARCHAR(255) NULL DEFAULT NULL,
	PRIMARY KEY ("id"),
	UNIQUE INDEX "device_name_unique" ("name")
);

-- Dumping data for table public.Device: 6 rows
/*!40000 ALTER TABLE "Device" DISABLE KEYS */;
INSERT INTO "Device" ("id", "status", "date_created", "date_updated", "name", "mac", "phone", "email_pic", "password_pic", "source_name", "cookies", "cookies_exp") VALUES
	('b49bf57a-bfe7-42c9-856a-744dc46c6b9e', 'published', '2025-02-07 08:26:29.436+00', '2025-02-13 02:59:36.385+00', 'SW 3', NULL, '', 'sw3@kerjain.id', '5655a7a4ad6b8328bc78d0312e1b82ba', NULL, '1cc605f7bacf5a23167871ab6f121b0f', '2025-02-13T15:59:36.307+07:00'),
	('cfc098cd-889b-4ac9-858a-8d76ed7bb763', 'published', '2025-01-24 16:32:26.032+00', '2025-02-13 03:00:38.966+00', 'SW 5', NULL, '', 'sw5@kerjain.id', '5655a7a4ad6b8328bc78d0312e1b82ba', NULL, 'bfc0defc3032f868a7b587021a87c2e2', '2025-02-13T16:00:38.843+07:00'),
	('e9cc9988-cdcd-4861-8307-bc63cbf07dd1', 'published', '2025-01-24 16:31:04.896+00', '2025-02-13 03:01:42.517+00', 'SW 2', NULL, '', 'sw2@kerjain.id', '5655a7a4ad6b8328bc78d0312e1b82ba', NULL, '15b478a25f1431d0130e8aa8ad0f6e2f', '2025-02-13T16:01:42.430+07:00'),
	('6a4649e3-80c6-453f-8daa-bc2415be879e', 'published', '2025-02-03 10:51:32.214+00', '2025-02-13 04:43:06.768+00', 'SW-Solfin', NULL, NULL, 'solfin.nova@gmail.com', '5655a7a4ad6b8328bc78d0312e1b82ba', NULL, '2380f159739c002aeede6cb1d1d3eeb0', '2025-02-13T17:43:06.631+07:00'),
	('8c39c897-c79d-44be-b951-b2c3e93038e2', 'published', '2025-02-07 08:25:30.296+00', '2025-02-13 04:58:51.549+00', 'SW 1', NULL, '', 'sw1@kerjain.id', '5655a7a4ad6b8328bc78d0312e1b82ba', NULL, '8b740258ddeea62c71cdf187c8e369d3', '2025-02-13T17:58:51.486+07:00'),
	('ff5dd3c0-4563-44c6-a24b-13c956fb3092', 'published', '2025-01-24 16:32:07.868+00', '2025-02-13 07:46:56.077+00', 'SW 4', NULL, '', 'sw4@kerjain.id', '5655a7a4ad6b8328bc78d0312e1b82ba', NULL, '52d576b27282e95facbca2a4c40f90f6', '2025-02-13T20:46:56.019+07:00');
/*!40000 ALTER TABLE "Device" ENABLE KEYS */;

-- Dumping structure for table public.directus_users
CREATE TABLE IF NOT EXISTS "directus_users" (
	"id" UUID NOT NULL,
	"first_name" VARCHAR(50) NULL DEFAULT NULL,
	"last_name" VARCHAR(50) NULL DEFAULT NULL,
	"email" VARCHAR(128) NULL DEFAULT NULL,
	"password" VARCHAR(255) NULL DEFAULT NULL,
	"location" VARCHAR(255) NULL DEFAULT NULL,
	"title" VARCHAR(50) NULL DEFAULT NULL,
	"description" TEXT NULL DEFAULT NULL,
	"tags" JSON NULL DEFAULT NULL,
	"avatar" UUID NULL DEFAULT NULL,
	"language" VARCHAR(255) NULL DEFAULT 'NULL::character varying',
	"tfa_secret" VARCHAR(255) NULL DEFAULT NULL,
	"status" VARCHAR(16) NOT NULL DEFAULT 'active',
	"role" UUID NULL DEFAULT NULL,
	"token" VARCHAR(255) NULL DEFAULT NULL,
	"last_access" TIMESTAMPTZ NULL DEFAULT NULL,
	"last_page" VARCHAR(255) NULL DEFAULT NULL,
	"provider" VARCHAR(128) NOT NULL DEFAULT 'default',
	"external_identifier" VARCHAR(255) NULL DEFAULT NULL,
	"auth_data" JSON NULL DEFAULT NULL,
	"email_notifications" BOOLEAN NULL DEFAULT 'true',
	"appearance" VARCHAR(255) NULL DEFAULT NULL,
	"theme_dark" VARCHAR(255) NULL DEFAULT NULL,
	"theme_light" VARCHAR(255) NULL DEFAULT NULL,
	"theme_light_overrides" JSON NULL DEFAULT NULL,
	"theme_dark_overrides" JSON NULL DEFAULT NULL,
	PRIMARY KEY ("id"),
	UNIQUE INDEX "directus_users_external_identifier_unique" ("external_identifier"),
	UNIQUE INDEX "directus_users_email_unique" ("email"),
	UNIQUE INDEX "directus_users_token_unique" ("token"),
	CONSTRAINT "directus_users_role_foreign" FOREIGN KEY ("role") REFERENCES "directus_roles" ("id") ON UPDATE NO ACTION ON DELETE SET NULL
);

-- Dumping data for table public.directus_users: 3 rows
/*!40000 ALTER TABLE "directus_users" DISABLE KEYS */;
INSERT INTO "directus_users" ("id", "first_name", "last_name", "email", "password", "location", "title", "description", "tags", "avatar", "language", "tfa_secret", "status", "role", "token", "last_access", "last_page", "provider", "external_identifier", "auth_data", "email_notifications", "appearance", "theme_dark", "theme_light", "theme_light_overrides", "theme_dark_overrides") VALUES
	('0404ceb8-7744-4cc4-8b39-9ef4bd40a05a', 'Solfin', 'Nova', 'solfin.nova@gmail.com', '$argon2id$v=19$m=65536,t=3,p=4$RdGsnPebnZc0GjIBuI8AiQ$UP+OF2o61MIFqmZKEMxtaAnF70liIznwPdaUFI6KJLg', NULL, NULL, NULL, NULL, NULL, NULL, NULL, 'active', '09346b23-9b0b-4b20-925c-2a1adacd1057', NULL, '2025-02-07 04:46:09.266+00', '/content/Device', 'default', NULL, NULL, 'true', NULL, NULL, NULL, NULL, NULL),
	('746ce150-ac30-4745-9308-518f80365169', 'Admin', 'User', 'id.dawamraja@gmail.com', '$argon2id$v=19$m=65536,t=3,p=4$uExpd+XDSnc+BQ58r4vvGg$4qSafqQ7ZNUCEaZNNwLWpuZO5BoxSiGyC6FiPRR7GQM', NULL, NULL, NULL, NULL, NULL, NULL, NULL, 'active', '09346b23-9b0b-4b20-925c-2a1adacd1057', NULL, '2025-02-13 07:58:03.953+00', '/settings/data-model/Health', 'default', NULL, NULL, 'true', NULL, NULL, NULL, NULL, NULL),
	('fdfda6f1-614a-4a6a-b4d0-d75808e99477', 'n8n', NULL, 'n8n@kerjain.id', '$argon2id$v=19$m=65536,t=3,p=4$L6N4TLfcnQAFBAk8T7F4CQ$cFkHiMW3ULDyTXmKuiDrho1I6ss+3Wqfd+lmmewdyQY', NULL, NULL, 'v4YsOLbDQF5L1FCeT5Jc4zQ-aOJNXpll', NULL, NULL, NULL, NULL, 'active', 'afabc241-7709-4bbe-a93c-99d8c8a596d3', 'v4YsOLbDQF5L1FCeT5Jc4zQ-aOJNXpll', '2025-01-31 00:33:21.047+00', '/users/fdfda6f1-614a-4a6a-b4d0-d75808e99477', 'default', NULL, NULL, 'true', NULL, NULL, NULL, NULL, NULL);
/*!40000 ALTER TABLE "directus_users" ENABLE KEYS */;

-- Dumping structure for table public.Health
CREATE TABLE IF NOT EXISTS "Health" (
	"id" INTEGER NOT NULL DEFAULT 'nextval(''"Health_id_seq"''::regclass)',
	"status" VARCHAR(255) NOT NULL DEFAULT 'draft',
	"date_created" TIMESTAMPTZ NULL DEFAULT NULL,
	"data_type" VARCHAR(255) NULL DEFAULT NULL,
	"date_updated" TIMESTAMPTZ NULL DEFAULT NULL,
	"string_val" REAL NULL DEFAULT NULL,
	"start_time_millis" BIGINT NULL DEFAULT NULL,
	"end_time_millis" BIGINT NULL DEFAULT NULL,
	"fp_val" INTEGER NULL DEFAULT NULL,
	"int_val" INTEGER NULL DEFAULT NULL,
	"device_id" UUID NULL DEFAULT NULL,
	"deviceTimestamp" VARCHAR(255) NULL DEFAULT NULL,
	"start_time_utc" TIMESTAMP NULL DEFAULT NULL,
	"end_time_utc" TIMESTAMP NULL DEFAULT NULL,
	PRIMARY KEY ("id"),
	UNIQUE INDEX "health_devicetimestamp_unique" ("deviceTimestamp"),
	INDEX "health_devicetimestamp_index" ("deviceTimestamp"),
	CONSTRAINT "health_device_id_foreign" FOREIGN KEY ("device_id") REFERENCES "Device" ("id") ON UPDATE NO ACTION ON DELETE SET NULL
);

-- Dumping data for table public.Health: 5.967 rows
/*!40000 ALTER TABLE "Health" DISABLE KEYS */;
INSERT INTO "Health" ("id", "status", "date_created", "data_type", "date_updated", "string_val", "start_time_millis", "end_time_millis", "fp_val", "int_val", "device_id", "deviceTimestamp", "start_time_utc", "end_time_utc") VALUES
	(6, 'published', '2025-02-03 11:48:17.902+00', 'heart_rate', '2025-02-03 11:48:17.902+00', 107, 1738083146000, 1738083146000, 0, 0, '6a4649e3-80c6-453f-8daa-bc2415be879e', '6a4649e3-80c6-453f-8daa-bc2415be879e.1738083146000', NULL, NULL),
	(7, 'published', '2025-02-03 11:48:17.904+00', 'heart_rate', '2025-02-03 11:48:17.904+00', 102, 1738082550000, 1738082550000, 0, 0, '6a4649e3-80c6-453f-8daa-bc2415be879e', '6a4649e3-80c6-453f-8daa-bc2415be879e.1738082550000', NULL, NULL),
	(8, 'published', '2025-02-03 11:48:17.905+00', 'heart_rate', '2025-02-03 11:48:17.905+00', 110, 1738081946000, 1738081946000, 0, 0, '6a4649e3-80c6-453f-8daa-bc2415be879e', '6a4649e3-80c6-453f-8daa-bc2415be879e.1738081946000', NULL, NULL),
	(264, 'published', '2025-02-03 15:14:28.583+00', 'blood_oxygen', '2025-02-03 15:14:28.583+00', 98, 1738103546000, 1738103546000, 0, 0, '6a4649e3-80c6-453f-8daa-bc2415be879e', '6a4649e3-80c6-453f-8daa-bc2415be879e.1738103546000', NULL, NULL),
	(265, 'published', '2025-02-03 15:14:28.584+00', 'blood_oxygen', '2025-02-03 15:14:28.585+00', 100, 1738101757000, 1738101757000, 0, 0, '6a4649e3-80c6-453f-8daa-bc2415be879e', '6a4649e3-80c6-453f-8daa-bc2415be879e.1738101757000', NULL, NULL),
	(266, 'published', '2025-02-03 15:14:28.586+00', 'blood_oxygen', '2025-02-03 15:14:28.587+00', 95, 1738099951000, 1738099951000, 0, 0, '6a4649e3-80c6-453f-8daa-bc2415be879e', '6a4649e3-80c6-453f-8daa-bc2415be879e.1738099951000', NULL, NULL),
	(267, 'published', '2025-02-03 15:14:28.588+00', 'blood_oxygen', '2025-02-03 15:14:28.588+00', 98, 1738098152000, 1738098152000, 0, 0, '6a4649e3-80c6-453f-8daa-bc2415be879e', '6a4649e3-80c6-453f-8daa-bc2415be879e.1738098152000', NULL, NULL),
	(268, 'published', '2025-02-03 15:14:28.59+00', 'blood_oxygen', '2025-02-03 15:14:28.59+00', 95, 1738096354000, 1738096354000, 0, 0, '6a4649e3-80c6-453f-8daa-bc2415be879e', '6a4649e3-80c6-453f-8daa-bc2415be879e.1738096354000', NULL, NULL),
	(269, 'published', '2025-02-03 15:14:28.591+00', 'blood_oxygen', '2025-02-03 15:14:28.592+00', 96, 1738094557000, 1738094557000, 0, 0, '6a4649e3-80c6-453f-8daa-bc2415be879e', '6a4649e3-80c6-453f-8daa-bc2415be879e.1738094557000', NULL, NULL),
	(453, 'published', '2025-02-03 15:15:50.382+00', 'pressure', '2025-02-03 15:15:50.383+00', 11, 1738095232000, 1738095232000, 0, 0, 'cfc098cd-889b-4ac9-858a-8d76ed7bb763', 'cfc098cd-889b-4ac9-858a-8d76ed7bb763.1738095232000', NULL, NULL),
	(454, 'published', '2025-02-03 15:15:50.385+00', 'pressure', '2025-02-03 15:15:50.385+00', 39, 1738094045000, 1738094045000, 0, 0, 'cfc098cd-889b-4ac9-858a-8d76ed7bb763', 'cfc098cd-889b-4ac9-858a-8d76ed7bb763.1738094045000', NULL, NULL),
	(455, 'published', '2025-02-03 15:15:50.388+00', 'pressure', '2025-02-03 15:15:50.388+00', 24, 1738092844000, 1738092844000, 0, 0, 'cfc098cd-889b-4ac9-858a-8d76ed7bb763', 'cfc098cd-889b-4ac9-858a-8d76ed7bb763.1738092844000', NULL, NULL),
	(456, 'published', '2025-02-03 15:15:50.39+00', 'pressure', '2025-02-03 15:15:50.39+00', 26, 1738098837000, 1738098837000, 0, 0, 'cfc098cd-889b-4ac9-858a-8d76ed7bb763', 'cfc098cd-889b-4ac9-858a-8d76ed7bb763.1738098837000', NULL, NULL),
	(457, 'published', '2025-02-03 15:15:50.392+00', 'pressure', '2025-02-03 15:15:50.393+00', 36, 1738097636000, 1738097636000, 0, 0, 'cfc098cd-889b-4ac9-858a-8d76ed7bb763', 'cfc098cd-889b-4ac9-858a-8d76ed7bb763.1738097636000', NULL, NULL),
	(17617, 'published', '2025-02-13 07:58:19.708+00', 'heart_rate', '2025-02-13 07:58:19.708+00', 95, 1738939766000, 1738939766000, 0, 0, '6a4649e3-80c6-453f-8daa-bc2415be879e', '6a4649e3-80c6-453f-8daa-bc2415be879e.1738939766000', NULL, NULL),
	(17612, 'published', '2025-02-13 07:58:19.711+00', 'heart_rate', '2025-02-13 07:58:19.711+00', 101, 1738942762000, 1738942762000, 0, 0, '6a4649e3-80c6-453f-8daa-bc2415be879e', '6a4649e3-80c6-453f-8daa-bc2415be879e.1738942762000', NULL, NULL);
/*!40000 ALTER TABLE "Health" ENABLE KEYS */;

-- Dumping structure for table public.SleepReport
CREATE TABLE IF NOT EXISTS "SleepReport" (
	"id" VARCHAR(255) NOT NULL,
	"status" VARCHAR(255) NOT NULL DEFAULT 'draft',
	"date_created" TIMESTAMPTZ NULL DEFAULT NULL,
	"date_updated" TIMESTAMPTZ NULL DEFAULT NULL,
	"idStr" VARCHAR(255) NULL DEFAULT NULL,
	"type" INTEGER NULL DEFAULT NULL,
	"startReal" VARCHAR(255) NULL DEFAULT NULL,
	"endReal" VARCHAR(255) NULL DEFAULT NULL,
	"startSetting" INTEGER NULL DEFAULT NULL,
	"endSetting" INTEGER NULL DEFAULT NULL,
	"recordYear" INTEGER NULL DEFAULT NULL,
	"recordMonth" INTEGER NULL DEFAULT NULL,
	"recordWeek" VARCHAR(255) NULL DEFAULT NULL,
	"recordDay" INTEGER NULL DEFAULT NULL,
	"dataSourceName" VARCHAR(255) NULL DEFAULT NULL,
	"sleepQuality" REAL NULL DEFAULT NULL,
	"sleepTotalTime" REAL NULL DEFAULT NULL,
	"clearTotalTime" REAL NULL DEFAULT NULL,
	"fastEyeTotalTime" REAL NULL DEFAULT NULL,
	"simpleSleepTotalTime" INTEGER NULL DEFAULT NULL,
	"deepSleepTotalTime" INTEGER NULL DEFAULT NULL,
	"maxHeartRate" REAL NULL DEFAULT NULL,
	"minHeartRate" REAL NULL DEFAULT NULL,
	"avgHeartRate" REAL NULL DEFAULT NULL,
	"maxBloodOxygen" REAL NULL DEFAULT NULL,
	"minBloodOxygen" REAL NULL DEFAULT NULL,
	"avgBloodOxygen" REAL NULL DEFAULT NULL,
	"maxBreatheRate" REAL NULL DEFAULT NULL,
	"minBreatheRate" REAL NULL DEFAULT NULL,
	"avgBreatheRate" REAL NULL DEFAULT NULL,
	"device_id" UUID NULL DEFAULT NULL,
	"sleepMotion" JSON NULL DEFAULT NULL,
	"bloodOxygenPeriod" JSON NULL DEFAULT NULL,
	"breatheRatePeriod" JSON NULL DEFAULT NULL,
	"heartRatePeriod" JSON NULL DEFAULT NULL,
	PRIMARY KEY ("id"),
	CONSTRAINT "sleepreport_device_id_foreign" FOREIGN KEY ("device_id") REFERENCES "Device" ("id") ON UPDATE NO ACTION ON DELETE SET NULL
);

-- Dumping data for table public.SleepReport: 9 rows
/*!40000 ALTER TABLE "SleepReport" DISABLE KEYS */;
INSERT INTO "SleepReport" ("id", "status", "date_created", "date_updated", "idStr", "type", "startReal", "endReal", "startSetting", "endSetting", "recordYear", "recordMonth", "recordWeek", "recordDay", "dataSourceName", "sleepQuality", "sleepTotalTime", "clearTotalTime", "fastEyeTotalTime", "simpleSleepTotalTime", "deepSleepTotalTime", "maxHeartRate", "minHeartRate", "avgHeartRate", "maxBloodOxygen", "minBloodOxygen", "avgBloodOxygen", "maxBreatheRate", "minBreatheRate", "avgBreatheRate", "device_id", "sleepMotion", "bloodOxygenPeriod", "breatheRatePeriod", "heartRatePeriod") VALUES
	('1886713855678161000', 'published', NULL, NULL, '1886713855678160896', 1, '1738576410', '1738586626', 0, 0, 2025, 2, '1', 3, 'raw:56f2e9af16f170fc165c927c', 0.28, 10216, 10216, 1825, 6171, 762, 50, 47, 48.5, NULL, NULL, NULL, NULL, NULL, NULL, '6a4649e3-80c6-453f-8daa-bc2415be879e', NULL, NULL, NULL, NULL),
	('1886713532456693800', 'published', NULL, NULL, '1886713532456693760', 2, '1738578237', '1738582054', 0, 0, 2025, 2, '1', 3, 'raw:d7fcd443a5aea5b91ee8a0ff', 0.24, 3817, 3817, 699, 0, 0, NULL, NULL, NULL, NULL, NULL, NULL, NULL, NULL, NULL, 'e9cc9988-cdcd-4861-8307-bc63cbf07dd1', NULL, NULL, NULL, NULL),
	('1886713533111005200', 'published', NULL, NULL, '1886713533111005184', 1, '1738584529', '1738589851', 0, 0, 2025, 2, '1', 3, 'raw:d7fcd443a5aea5b91ee8a0ff', 0.24, 5322, 5322, 3601, 0, 0, NULL, NULL, NULL, NULL, NULL, NULL, NULL, NULL, NULL, 'e9cc9988-cdcd-4861-8307-bc63cbf07dd1', NULL, NULL, NULL, NULL),
	('1886715500805816300', 'published', NULL, NULL, '1886715500805816320', 1, '1738488270', '1738500453', 0, 0, 2025, 2, '4', 2, 'raw:56f2e9af16f170fc165c927c', 0.4, 12183, 12183, 0, 4348, 7835, 101, 68, 83.63, NULL, NULL, NULL, NULL, NULL, NULL, '6a4649e3-80c6-453f-8daa-bc2415be879e', NULL, NULL, NULL, NULL),
	('1886715501451739100', 'published', NULL, NULL, '1886715501451739136', 2, '1738462937', '1738474153', 0, 0, 2025, 2, '4', 2, 'raw:56f2e9af16f170fc165c927c', 0.4, 11216, 11216, 322, 4618, 5686, 98, 65, 81.97, NULL, NULL, NULL, NULL, NULL, NULL, '6a4649e3-80c6-453f-8daa-bc2415be879e', NULL, NULL, NULL, NULL),
	('1886733376761700400', 'published', NULL, NULL, '1886733376761700352', 1, '1738340461', '1738345172', 0, 0, 2025, 2, '4', 1, 'raw:af80579a6ffeded3fe962668', 0.24, 4711, 4711, 1083, 2003, 1138, 80, 51, 60.36, NULL, NULL, NULL, NULL, NULL, NULL, 'cfc098cd-889b-4ac9-858a-8d76ed7bb763', '[{"startTime":1738340461000,"endTime":1738340569000,"value":1},{"startTime":1738340569000,"endTime":1738341219000,"value":4},{"startTime":1738341219000,"endTime":1738341923000,"value":3},{"startTime":1738341923000,"endTime":1738342411000,"value":4},{"startTime":1738342411000,"endTime":1738343276000,"value":3},{"startTime":1738343276000,"endTime":1738343764000,"value":2},{"startTime":1738343764000,"endTime":1738343980000,"value":1},{"startTime":1738343980000,"endTime":1738344359000,"value":2},{"startTime":1738344359000,"endTime":1738344793000,"value":3},{"startTime":1738344793000,"endTime":1738345009000,"value":2},{"startTime":1738345009000,"endTime":1738345172000,"value":1}]', 'null', 'null', '[{"time":1738343886000,"value":64},{"time":1738343889000,"value":65},{"time":1738343892000,"value":62},{"time":1738343895000,"value":61},{"time":1738343897000,"value":60},{"time":1738343900000,"value":60},{"time":1738343903000,"value":60},{"time":1738343906000,"value":58},{"time":1738343909000,"value":58},{"time":1738343912000,"value":58},{"time":1738343915000,"value":58},{"time":1738343918000,"value":56},{"time":1738343921000,"value":56},{"time":1738343924000,"value":55},{"time":1738343926000,"value":56},{"time":1738343929000,"value":56},{"time":1738343932000,"value":56},{"time":1738343935000,"value":56},{"time":1738343938000,"value":58},{"time":1738343941000,"value":59},{"time":1738343944000,"value":59},{"time":1738343947000,"value":59},{"time":1738343950000,"value":60},{"time":1738343953000,"value":59},{"time":1738343956000,"value":68},{"time":1738343958000,"value":69},{"time":1738343961000,"value":54},{"time":1738343964000,"value":55},{"time":1738343967000,"value":55},{"time":1738343970000,"value":55},{"time":1738343973000,"value":55},{"time":1738343976000,"value":60},{"time":1738343979000,"value":60},{"time":1738343982000,"value":60},{"time":1738343984000,"value":58},{"time":1738343987000,"value":57},{"time":1738343990000,"value":57},{"time":1738343993000,"value":57},{"time":1738343996000,"value":58},{"time":1738343999000,"value":59},{"time":1738344002000,"value":58},{"time":1738344005000,"value":57},{"time":1738344008000,"value":59},{"time":1738344011000,"value":59},{"time":1738344013000,"value":59},{"time":1738344016000,"value":59},{"time":1738344019000,"value":59},{"time":1738344022000,"value":59},{"time":1738344025000,"value":57},{"time":1738344028000,"value":56},{"time":1738344031000,"value":57},{"time":1738344034000,"value":57},{"time":1738344037000,"value":54},{"time":1738344040000,"value":54},{"time":1738344043000,"value":53},{"time":1738344045000,"value":53},{"time":1738344048000,"value":53},{"time":1738344051000,"value":53},{"time":1738344054000,"value":54},{"time":1738344057000,"value":55},{"time":1738344060000,"value":55},{"time":1738344063000,"value":55},{"time":1738344066000,"value":54},{"time":1738344069000,"value":54},{"time":1738344072000,"value":54},{"time":1738344074000,"value":55},{"time":1738344077000,"value":63},{"time":1738344080000,"value":63},{"time":1738344083000,"value":62},{"time":1738344086000,"value":63},{"time":1738344089000,"value":64},{"time":1738344092000,"value":64},{"time":1738344095000,"value":54},{"time":1738344098000,"value":52},{"time":1738344101000,"value":52},{"time":1738344103000,"value":52},{"time":1738344106000,"value":52},{"time":1738344109000,"value":52},{"time":1738344112000,"value":52},{"time":1738344115000,"value":52},{"time":1738344118000,"value":53},{"time":1738344121000,"value":53},{"time":1738344124000,"value":52},{"time":1738344127000,"value":52},{"time":1738344130000,"value":52},{"time":1738344133000,"value":52},{"time":1738344135000,"value":62},{"time":1738344138000,"value":64},{"time":1738344141000,"value":64},{"time":1738344144000,"value":64},{"time":1738344147000,"value":64},{"time":1738344150000,"value":64},{"time":1738344153000,"value":65},{"time":1738344156000,"value":66},{"time":1738344159000,"value":61},{"time":1738344162000,"value":59},{"time":1738344164000,"value":59},{"time":1738344167000,"value":59},{"time":1738344170000,"value":63},{"time":1738344173000,"value":65},{"time":1738344176000,"value":66},{"time":1738344179000,"value":66},{"time":1738344182000,"value":65},{"time":1738344185000,"value":59},{"time":1738344188000,"value":57},{"time":1738344191000,"value":57},{"time":1738344194000,"value":57},{"time":1738344196000,"value":59},{"time":1738344199000,"value":58},{"time":1738344202000,"value":59},{"time":1738344205000,"value":59},{"time":1738344208000,"value":59},{"time":1738344211000,"value":59},{"time":1738344214000,"value":59},{"time":1738344217000,"value":59},{"time":1738344220000,"value":59},{"time":1738344223000,"value":62},{"time":1738344225000,"value":62},{"time":1738344228000,"value":63},{"time":1738344231000,"value":63},{"time":1738344234000,"value":63},{"time":1738344237000,"value":62},{"time":1738344240000,"value":61},{"time":1738344243000,"value":62},{"time":1738344246000,"value":59},{"time":1738344249000,"value":58},{"time":1738344252000,"value":58},{"time":1738344254000,"value":58},{"time":1738344257000,"value":58},{"time":1738344260000,"value":58},{"time":1738344263000,"value":57},{"time":1738344266000,"value":56},{"time":1738344269000,"value":57},{"time":1738344272000,"value":56},{"time":1738344275000,"value":60},{"time":1738344278000,"value":64},{"time":1738344281000,"value":65},{"time":1738344283000,"value":64},{"time":1738344286000,"value":64},{"time":1738344289000,"value":64},{"time":1738344292000,"value":63},{"time":1738344295000,"value":63},{"time":1738344298000,"value":64},{"time":1738344301000,"value":64},{"time":1738344304000,"value":64},{"time":1738344307000,"value":59},{"time":1738344309000,"value":60},{"time":1738344312000,"value":60},{"time":1738344315000,"value":55},{"time":1738344318000,"value":55},{"time":1738344321000,"value":55},{"time":1738344324000,"value":60},{"time":1738344327000,"value":61},{"time":1738344330000,"value":61},{"time":1738344333000,"value":60},{"time":1738344336000,"value":60},{"time":1738344338000,"value":60},{"time":1738344341000,"value":60},{"time":1738344344000,"value":60},{"time":1738344347000,"value":60},{"time":1738344350000,"value":60},{"time":1738344353000,"value":62},{"time":1738344356000,"value":62},{"time":1738344359000,"value":61},{"time":1738344362000,"value":61},{"time":1738344365000,"value":60},{"time":1738344367000,"value":60},{"time":1738344370000,"value":59},{"time":1738344373000,"value":58},{"time":1738344376000,"value":58},{"time":1738344379000,"value":58},{"time":1738344382000,"value":57},{"time":1738344385000,"value":57},{"time":1738344388000,"value":56},{"time":1738344391000,"value":55},{"time":1738344393000,"value":55},{"time":1738344396000,"value":54},{"time":1738344399000,"value":54},{"time":1738344402000,"value":54},{"time":1738344405000,"value":54},{"time":1738344408000,"value":56},{"time":1738344411000,"value":56},{"time":1738344414000,"value":56},{"time":1738344417000,"value":56},{"time":1738344419000,"value":57},{"time":1738344422000,"value":57},{"time":1738344425000,"value":56},{"time":1738344428000,"value":59},{"time":1738344431000,"value":59},{"time":1738344434000,"value":59},{"time":1738344437000,"value":59},{"time":1738344440000,"value":59},{"time":1738344443000,"value":59},{"time":1738344446000,"value":60},{"time":1738344448000,"value":60},{"time":1738344451000,"value":61},{"time":1738344454000,"value":62},{"time":1738344457000,"value":62},{"time":1738344460000,"value":63},{"time":1738344463000,"value":63},{"time":1738344466000,"value":63},{"time":1738344469000,"value":63},{"time":1738344472000,"value":55},{"time":1738344474000,"value":54},{"time":1738344477000,"value":53},{"time":1738344480000,"value":52},{"time":1738344483000,"value":52},{"time":1738344486000,"value":52},{"time":1738344489000,"value":52},{"time":1738344492000,"value":52},{"time":1738344495000,"value":52},{"time":1738344498000,"value":53},{"time":1738344501000,"value":52},{"time":1738344503000,"value":53},{"time":1738344506000,"value":55},{"time":1738344509000,"value":55},{"time":1738344512000,"value":55},{"time":1738344515000,"value":55},{"time":1738344518000,"value":56},{"time":1738344521000,"value":61},{"time":1738344524000,"value":67},{"time":1738344527000,"value":67},{"time":1738344530000,"value":67},{"time":1738344532000,"value":67},{"time":1738344535000,"value":61},{"time":1738344538000,"value":59},{"time":1738344541000,"value":58},{"time":1738344544000,"value":58},{"time":1738344547000,"value":58},{"time":1738344550000,"value":60},{"time":1738344553000,"value":60},{"time":1738344556000,"value":61},{"time":1738344558000,"value":60},{"time":1738344561000,"value":60},{"time":1738344564000,"value":62},{"time":1738344567000,"value":62},{"time":1738344570000,"value":62},{"time":1738344573000,"value":62},{"time":1738344576000,"value":63},{"time":1738344579000,"value":64},{"time":1738344582000,"value":63},{"time":1738344585000,"value":63},{"time":1738344587000,"value":63},{"time":1738344590000,"value":63},{"time":1738344593000,"value":63},{"time":1738344596000,"value":62},{"time":1738344599000,"value":59},{"time":1738344602000,"value":59},{"time":1738344605000,"value":59},{"time":1738344608000,"value":58},{"time":1738344611000,"value":55},{"time":1738344614000,"value":54},{"time":1738344617000,"value":54},{"time":1738344619000,"value":54},{"time":1738344622000,"value":54},{"time":1738344625000,"value":53},{"time":1738344628000,"value":53},{"time":1738344631000,"value":52},{"time":1738344634000,"value":52},{"time":1738344637000,"value":53},{"time":1738344640000,"value":52},{"time":1738344643000,"value":52},{"time":1738344646000,"value":53},{"time":1738344648000,"value":54},{"time":1738344651000,"value":55},{"time":1738344654000,"value":56},{"time":1738344657000,"value":58},{"time":1738344660000,"value":59},{"time":1738344663000,"value":59},{"time":1738344666000,"value":63},{"time":1738344669000,"value":64},{"time":1738344672000,"value":64},{"time":1738344675000,"value":64},{"time":1738344677000,"value":64},{"time":1738344680000,"value":64},{"time":1738344683000,"value":55},{"time":1738344686000,"value":53},{"time":1738344689000,"value":52},{"time":1738344692000,"value":52},{"time":1738344695000,"value":52},{"time":1738344698000,"value":52},{"time":1738344701000,"value":52},{"time":1738344704000,"value":52},{"time":1738344706000,"value":52},{"time":1738344709000,"value":52},{"time":1738344712000,"value":52},{"time":1738344715000,"value":54},{"time":1738344718000,"value":55},{"time":1738344721000,"value":54},{"time":1738344724000,"value":54},{"time":1738344727000,"value":54},{"time":1738344730000,"value":54},{"time":1738344732000,"value":56},{"time":1738344735000,"value":56},{"time":1738344738000,"value":55},{"time":1738344741000,"value":55},{"time":1738344744000,"value":54},{"time":1738344747000,"value":54},{"time":1738344750000,"value":55},{"time":1738344753000,"value":56},{"time":1738344756000,"value":57},{"time":1738344759000,"value":57},{"time":1738344761000,"value":56},{"time":1738344765000,"value":57},{"time":1738344767000,"value":58},{"time":1738344770000,"value":58},{"time":1738344773000,"value":58},{"time":1738344776000,"value":57},{"time":1738344779000,"value":56},{"time":1738344782000,"value":55},{"time":1738344785000,"value":54},{"time":1738344788000,"value":53},{"time":1738344791000,"value":53},{"time":1738344793000,"value":52},{"time":1738344796000,"value":52},{"time":1738344799000,"value":52},{"time":1738344802000,"value":52},{"time":1738344805000,"value":52},{"time":1738344808000,"value":53},{"time":1738344811000,"value":53},{"time":1738344814000,"value":53},{"time":1738344817000,"value":53},{"time":1738344820000,"value":53},{"time":1738344822000,"value":53},{"time":1738344825000,"value":53},{"time":1738344828000,"value":53},{"time":1738344831000,"value":53},{"time":1738344834000,"value":53},{"time":1738344837000,"value":53},{"time":1738344840000,"value":54},{"time":1738344843000,"value":54},{"time":1738344846000,"value":53},{"time":1738344848000,"value":56},{"time":1738344851000,"value":56},{"time":1738344854000,"value":58},{"time":1738344857000,"value":58},{"time":1738344860000,"value":60},{"time":1738344863000,"value":60},{"time":1738344866000,"value":61},{"time":1738344869000,"value":62},{"time":1738344872000,"value":62},{"time":1738344875000,"value":61},{"time":1738344877000,"value":63},{"time":1738344880000,"value":63},{"time":1738344883000,"value":62},{"time":1738344886000,"value":60},{"time":1738344889000,"value":60},{"time":1738344892000,"value":59},{"time":1738344895000,"value":58},{"time":1738344898000,"value":57},{"time":1738344901000,"value":57},{"time":1738344904000,"value":57},{"time":1738344907000,"value":57},{"time":1738344909000,"value":56},{"time":1738344912000,"value":56},{"time":1738344915000,"value":56},{"time":1738344918000,"value":55},{"time":1738344921000,"value":55},{"time":1738344924000,"value":54},{"time":1738344927000,"value":54},{"time":1738344930000,"value":54},{"time":1738344933000,"value":54},{"time":1738344936000,"value":56},{"time":1738344938000,"value":56},{"time":1738344941000,"value":57},{"time":1738344944000,"value":57},{"time":1738344947000,"value":57},{"time":1738344950000,"value":58},{"time":1738344953000,"value":58},{"time":1738344956000,"value":58},{"time":1738344959000,"value":58},{"time":1738344962000,"value":58},{"time":1738344965000,"value":58},{"time":1738344967000,"value":58},{"time":1738344970000,"value":58},{"time":1738344973000,"value":58},{"time":1738344976000,"value":58},{"time":1738344979000,"value":58},{"time":1738344982000,"value":57},{"time":1738344985000,"value":57},{"time":1738344988000,"value":57},{"time":1738344991000,"value":57},{"time":1738344994000,"value":57},{"time":1738344996000,"value":56},{"time":1738344999000,"value":57},{"time":1738345002000,"value":57},{"time":1738345005000,"value":57},{"time":1738345008000,"value":57},{"time":1738345011000,"value":57},{"time":1738345014000,"value":57},{"time":1738345017000,"value":56},{"time":1738345020000,"value":55},{"time":1738345023000,"value":55},{"time":1738345025000,"value":55},{"time":1738345028000,"value":55},{"time":1738345031000,"value":55},{"time":1738345034000,"value":55},{"time":1738345037000,"value":56},{"time":1738345040000,"value":57},{"time":1738345043000,"value":57},{"time":1738345046000,"value":56},{"time":1738345049000,"value":56},{"time":1738345052000,"value":57},{"time":1738345054000,"value":57},{"time":1738345057000,"value":57},{"time":1738345060000,"value":58},{"time":1738345063000,"value":58},{"time":1738345066000,"value":59},{"time":1738345069000,"value":59},{"time":1738345072000,"value":59},{"time":1738345075000,"value":59},{"time":1738345078000,"value":59},{"time":1738345081000,"value":58},{"time":1738345083000,"value":58},{"time":1738345086000,"value":56},{"time":1738345089000,"value":56},{"time":1738345092000,"value":55},{"time":1738345095000,"value":55},{"time":1738345098000,"value":55},{"time":1738345101000,"value":55},{"time":1738345104000,"value":55},{"time":1738345107000,"value":55},{"time":1738345110000,"value":55},{"time":1738345112000,"value":55},{"time":1738345115000,"value":55},{"time":1738345118000,"value":55},{"time":1738345121000,"value":55},{"time":1738345124000,"value":55},{"time":1738345127000,"value":57},{"time":1738345130000,"value":57},{"time":1738345133000,"value":57},{"time":1738345136000,"value":58},{"time":1738345139000,"value":58},{"time":1738345142000,"value":58},{"time":1738345144000,"value":56},{"time":1738345147000,"value":56},{"time":1738345150000,"value":56},{"time":1738345153000,"value":57},{"time":1738345156000,"value":57},{"time":1738345159000,"value":57},{"time":1738345162000,"value":57},{"time":1738345165000,"value":57},{"time":1738345168000,"value":57},{"time":1738345171000,"value":57},{"time":1738342439000,"value":59},{"time":1738342442000,"value":59},{"time":1738342445000,"value":60},{"time":1738342447000,"value":60},{"time":1738342450000,"value":59},{"time":1738342453000,"value":59},{"time":1738342456000,"value":59},{"time":1738342459000,"value":59},{"time":1738342461000,"value":59},{"time":1738342464000,"value":59},{"time":1738342467000,"value":59},{"time":1738342470000,"value":59},{"time":1738342473000,"value":60},{"time":1738342475000,"value":60},{"time":1738342478000,"value":60},{"time":1738342481000,"value":60},{"time":1738342484000,"value":60},{"time":1738342487000,"value":60},{"time":1738342490000,"value":59},{"time":1738342493000,"value":59},{"time":1738342496000,"value":59},{"time":1738342499000,"value":59},{"time":1738342502000,"value":60},{"time":1738342504000,"value":60},{"time":1738342507000,"value":60},{"time":1738342510000,"value":60},{"time":1738342513000,"value":60},{"time":1738342516000,"value":60},{"time":1738342519000,"value":60},{"time":1738342522000,"value":59},{"time":1738342525000,"value":59},{"time":1738342528000,"value":59},{"time":1738342531000,"value":59},{"time":1738342533000,"value":59},{"time":1738342536000,"value":59},{"time":1738342539000,"value":60},{"time":1738342542000,"value":61},{"time":1738342545000,"value":60},{"time":1738342548000,"value":60},{"time":1738342551000,"value":60},{"time":1738342554000,"value":60},{"time":1738342557000,"value":60},{"time":1738342559000,"value":60},{"time":1738342562000,"value":59},{"time":1738342565000,"value":59},{"time":1738342568000,"value":59},{"time":1738342571000,"value":59},{"time":1738342574000,"value":59},{"time":1738342577000,"value":59},{"time":1738342580000,"value":59},{"time":1738342583000,"value":59},{"time":1738342585000,"value":59},{"time":1738342588000,"value":59},{"time":1738342591000,"value":59},{"time":1738342594000,"value":59},{"time":1738342597000,"value":59},{"time":1738342600000,"value":60},{"time":1738342603000,"value":60},{"time":1738342606000,"value":60},{"time":1738342609000,"value":60},{"time":1738342612000,"value":60},{"time":1738342615000,"value":60},{"time":1738342617000,"value":60},{"time":1738342620000,"value":60},{"time":1738342623000,"value":60},{"time":1738342626000,"value":60},{"time":1738342629000,"value":60},{"time":1738342632000,"value":60},{"time":1738342635000,"value":59},{"time":1738342638000,"value":59},{"time":1738342641000,"value":59},{"time":1738342643000,"value":59},{"time":1738342646000,"value":58},{"time":1738342649000,"value":58},{"time":1738342652000,"value":58},{"time":1738342655000,"value":58},{"time":1738342658000,"value":60},{"time":1738342661000,"value":60},{"time":1738342664000,"value":60},{"time":1738342667000,"value":60},{"time":1738342670000,"value":60},{"time":1738342672000,"value":60},{"time":1738342675000,"value":60},{"time":1738342678000,"value":60},{"time":1738342681000,"value":60},{"time":1738342684000,"value":60},{"time":1738342687000,"value":60},{"time":1738342690000,"value":60},{"time":1738342693000,"value":59},{"time":1738342696000,"value":59},{"time":1738342699000,"value":59},{"time":1738342701000,"value":59},{"time":1738342704000,"value":59},{"time":1738342707000,"value":59},{"time":1738342710000,"value":59},{"time":1738342713000,"value":59},{"time":1738342716000,"value":59},{"time":1738342719000,"value":59},{"time":1738342722000,"value":59},{"time":1738342725000,"value":58},{"time":1738342727000,"value":58},{"time":1738342730000,"value":58},{"time":1738342733000,"value":59},{"time":1738342736000,"value":59},{"time":1738342739000,"value":59},{"time":1738342742000,"value":59},{"time":1738342745000,"value":59},{"time":1738342748000,"value":58},{"time":1738342751000,"value":58},{"time":1738342754000,"value":58},{"time":1738342756000,"value":58},{"time":1738342759000,"value":58},{"time":1738342762000,"value":58},{"time":1738342765000,"value":58},{"time":1738342768000,"value":58},{"time":1738342771000,"value":58},{"time":1738342774000,"value":59},{"time":1738342777000,"value":59},{"time":1738342780000,"value":59},{"time":1738342782000,"value":59},{"time":1738342785000,"value":59},{"time":1738342788000,"value":59},{"time":1738342791000,"value":59},{"time":1738342794000,"value":59},{"time":1738342797000,"value":59},{"time":1738342800000,"value":74},{"time":1738342803000,"value":80},{"time":1738342806000,"value":80},{"time":1738342809000,"value":78},{"time":1738342811000,"value":78},{"time":1738342814000,"value":68},{"time":1738342817000,"value":68},{"time":1738342820000,"value":68},{"time":1738342823000,"value":60},{"time":1738342826000,"value":58},{"time":1738342829000,"value":56},{"time":1738342832000,"value":55},{"time":1738342835000,"value":55},{"time":1738342838000,"value":56},{"time":1738342841000,"value":56},{"time":1738342843000,"value":56},{"time":1738342846000,"value":56},{"time":1738342849000,"value":56},{"time":1738342852000,"value":63},{"time":1738342855000,"value":68},{"time":1738342858000,"value":68},{"time":1738342861000,"value":68},{"time":1738342864000,"value":64},{"time":1738342867000,"value":62},{"time":1738342869000,"value":62},{"time":1738342872000,"value":62},{"time":1738342875000,"value":62},{"time":1738342878000,"value":62},{"time":1738342881000,"value":58},{"time":1738342884000,"value":56},{"time":1738342887000,"value":55},{"time":1738342890000,"value":55},{"time":1738342893000,"value":56},{"time":1738342896000,"value":56},{"time":1738342898000,"value":56},{"time":1738342901000,"value":56},{"time":1738342904000,"value":57},{"time":1738342907000,"value":57},{"time":1738342910000,"value":58},{"time":1738342913000,"value":58},{"time":1738342916000,"value":58},{"time":1738342919000,"value":58},{"time":1738342922000,"value":58},{"time":1738342925000,"value":60},{"time":1738342927000,"value":60},{"time":1738342930000,"value":60},{"time":1738342933000,"value":60},{"time":1738342936000,"value":54},{"time":1738342939000,"value":53},{"time":1738342942000,"value":52},{"time":1738342945000,"value":52},{"time":1738342948000,"value":52},{"time":1738342951000,"value":52},{"time":1738342953000,"value":52},{"time":1738342956000,"value":52},{"time":1738342959000,"value":52},{"time":1738342962000,"value":52},{"time":1738342965000,"value":52},{"time":1738342968000,"value":52},{"time":1738342971000,"value":55},{"time":1738342974000,"value":58},{"time":1738342977000,"value":60},{"time":1738342980000,"value":67},{"time":1738342982000,"value":74},{"time":1738342985000,"value":75},{"time":1738342988000,"value":75},{"time":1738342991000,"value":75},{"time":1738342994000,"value":76},{"time":1738342997000,"value":76},{"time":1738343000000,"value":70},{"time":1738343003000,"value":60},{"time":1738343006000,"value":56},{"time":1738343009000,"value":54},{"time":1738343011000,"value":54},{"time":1738343014000,"value":53},{"time":1738343017000,"value":52},{"time":1738343020000,"value":53},{"time":1738343023000,"value":54},{"time":1738343026000,"value":54},{"time":1738343029000,"value":53},{"time":1738343032000,"value":53},{"time":1738343035000,"value":51},{"time":1738343038000,"value":52},{"time":1738343040000,"value":66},{"time":1738343043000,"value":68},{"time":1738343046000,"value":67},{"time":1738343049000,"value":66},{"time":1738343052000,"value":66},{"time":1738343055000,"value":66},{"time":1738343058000,"value":55},{"time":1738343061000,"value":54},{"time":1738343064000,"value":54},{"time":1738343066000,"value":54},{"time":1738343069000,"value":53},{"time":1738343072000,"value":54},{"time":1738343075000,"value":54},{"time":1738343078000,"value":56},{"time":1738343081000,"value":55},{"time":1738343084000,"value":55},{"time":1738343087000,"value":56},{"time":1738343090000,"value":57},{"time":1738343093000,"value":63},{"time":1738343095000,"value":64},{"time":1738343098000,"value":64},{"time":1738343101000,"value":69},{"time":1738343104000,"value":73},{"time":1738343107000,"value":73},{"time":1738343110000,"value":73},{"time":1738343113000,"value":67},{"time":1738343116000,"value":66},{"time":1738343119000,"value":66},{"time":1738343122000,"value":67},{"time":1738343124000,"value":72},{"time":1738343127000,"value":74},{"time":1738343130000,"value":73},{"time":1738343133000,"value":73},{"time":1738343136000,"value":74},{"time":1738343139000,"value":74},{"time":1738343142000,"value":74},{"time":1738343145000,"value":75},{"time":1738343148000,"value":75},{"time":1738343150000,"value":62},{"time":1738343153000,"value":61},{"time":1738343156000,"value":60},{"time":1738343159000,"value":59},{"time":1738343162000,"value":60},{"time":1738343165000,"value":60},{"time":1738343168000,"value":60},{"time":1738343171000,"value":62},{"time":1738343174000,"value":61},{"time":1738343177000,"value":61},{"time":1738343179000,"value":68},{"time":1738343182000,"value":70},{"time":1738343185000,"value":71},{"time":1738343188000,"value":72},{"time":1738343191000,"value":73},{"time":1738343194000,"value":72},{"time":1738343197000,"value":72},{"time":1738343200000,"value":72},{"time":1738343203000,"value":69},{"time":1738343205000,"value":67},{"time":1738343208000,"value":67},{"time":1738343211000,"value":66},{"time":1738343214000,"value":65},{"time":1738343217000,"value":65},{"time":1738343220000,"value":65},{"time":1738343223000,"value":65},{"time":1738343226000,"value":65},{"time":1738343229000,"value":65},{"time":1738343232000,"value":65},{"time":1738343234000,"value":64},{"time":1738343237000,"value":62},{"time":1738343240000,"value":60},{"time":1738343243000,"value":60},{"time":1738343246000,"value":60},{"time":1738343249000,"value":59},{"time":1738343252000,"value":59},{"time":1738343255000,"value":59},{"time":1738343258000,"value":59},{"time":1738343260000,"value":60},{"time":1738343263000,"value":59},{"time":1738343266000,"value":64},{"time":1738343269000,"value":66},{"time":1738343272000,"value":66},{"time":1738343275000,"value":65},{"time":1738343278000,"value":62},{"time":1738343281000,"value":60},{"time":1738343284000,"value":58},{"time":1738343286000,"value":58},{"time":1738343289000,"value":57},{"time":1738343292000,"value":57},{"time":1738343295000,"value":58},{"time":1738343298000,"value":58},{"time":1738343301000,"value":58},{"time":1738343304000,"value":57},{"time":1738343307000,"value":58},{"time":1738343310000,"value":58},{"time":1738343313000,"value":57},{"time":1738343315000,"value":63},{"time":1738343318000,"value":64},{"time":1738343321000,"value":64},{"time":1738343324000,"value":64},{"time":1738343327000,"value":65},{"time":1738343330000,"value":65},{"time":1738343333000,"value":65},{"time":1738343336000,"value":66},{"time":1738343338000,"value":66},{"time":1738343341000,"value":65},{"time":1738343344000,"value":65},{"time":1738343347000,"value":64},{"time":1738343350000,"value":63},{"time":1738343353000,"value":63},{"time":1738343356000,"value":63},{"time":1738343359000,"value":64},{"time":1738343362000,"value":64},{"time":1738343365000,"value":64},{"time":1738343367000,"value":63},{"time":1738343370000,"value":63},{"time":1738343373000,"value":63},{"time":1738343376000,"value":64},{"time":1738343379000,"value":65},{"time":1738343382000,"value":65},{"time":1738343385000,"value":65},{"time":1738343388000,"value":66},{"time":1738343391000,"value":67},{"time":1738343393000,"value":66},{"time":1738343396000,"value":66},{"time":1738343399000,"value":72},{"time":1738343402000,"value":72},{"time":1738343405000,"value":72},{"time":1738343408000,"value":72},{"time":1738343411000,"value":72},{"time":1738343414000,"value":70},{"time":1738343417000,"value":61},{"time":1738343420000,"value":60},{"time":1738343422000,"value":59},{"time":1738343425000,"value":58},{"time":1738343428000,"value":58},{"time":1738343431000,"value":58},{"time":1738343434000,"value":57},{"time":1738343437000,"value":57},{"time":1738343440000,"value":57},{"time":1738343443000,"value":58},{"time":1738343446000,"value":58},{"time":1738343448000,"value":58},{"time":1738343451000,"value":58},{"time":1738343454000,"value":58},{"time":1738343457000,"value":63},{"time":1738343460000,"value":68},{"time":1738343463000,"value":70},{"time":1738343466000,"value":69},{"time":1738343469000,"value":70},{"time":1738343472000,"value":72},{"time":1738343475000,"value":72},{"time":1738343477000,"value":72},{"time":1738343480000,"value":70},{"time":1738343483000,"value":70},{"time":1738343486000,"value":69},{"time":1738343489000,"value":68},{"time":1738343492000,"value":68},{"time":1738343495000,"value":72},{"time":1738343498000,"value":71},{"time":1738343501000,"value":71},{"time":1738343503000,"value":69},{"time":1738343506000,"value":69},{"time":1738343509000,"value":69},{"time":1738343512000,"value":69},{"time":1738343515000,"value":70},{"time":1738343518000,"value":70},{"time":1738343521000,"value":76},{"time":1738343524000,"value":79},{"time":1738343527000,"value":80},{"time":1738343530000,"value":80},{"time":1738343532000,"value":80},{"time":1738343535000,"value":73},{"time":1738343538000,"value":71},{"time":1738343541000,"value":72},{"time":1738343544000,"value":72},{"time":1738343547000,"value":72},{"time":1738343550000,"value":72},{"time":1738343553000,"value":70},{"time":1738343556000,"value":68},{"time":1738343558000,"value":65},{"time":1738343561000,"value":64},{"time":1738343564000,"value":64},{"time":1738343567000,"value":64},{"time":1738343570000,"value":63},{"time":1738343573000,"value":64},{"time":1738343576000,"value":65},{"time":1738343579000,"value":64},{"time":1738343582000,"value":64},{"time":1738343585000,"value":64},{"time":1738343587000,"value":64},{"time":1738343590000,"value":63},{"time":1738343593000,"value":63},{"time":1738343596000,"value":60},{"time":1738343599000,"value":59},{"time":1738343602000,"value":58},{"time":1738343605000,"value":58},{"time":1738343608000,"value":58},{"time":1738343611000,"value":58},{"time":1738343613000,"value":58},{"time":1738343616000,"value":58},{"time":1738343619000,"value":59},{"time":1738343622000,"value":60},{"time":1738343625000,"value":60},{"time":1738343628000,"value":62},{"time":1738343631000,"value":64},{"time":1738343634000,"value":70},{"time":1738343637000,"value":69},{"time":1738343640000,"value":69},{"time":1738343642000,"value":69},{"time":1738343645000,"value":69},{"time":1738343648000,"value":69},{"time":1738343651000,"value":69},{"time":1738343654000,"value":69},{"time":1738343657000,"value":70},{"time":1738343660000,"value":72},{"time":1738343663000,"value":70},{"time":1738343666000,"value":61},{"time":1738343669000,"value":58},{"time":1738343671000,"value":56},{"time":1738343674000,"value":56},{"time":1738343677000,"value":56},{"time":1738343680000,"value":56},{"time":1738343683000,"value":57},{"time":1738343686000,"value":57},{"time":1738343689000,"value":58},{"time":1738343692000,"value":58},{"time":1738343695000,"value":58},{"time":1738343697000,"value":58},{"time":1738343700000,"value":60},{"time":1738343703000,"value":58},{"time":1738343706000,"value":66},{"time":1738343709000,"value":66},{"time":1738343712000,"value":66},{"time":1738343715000,"value":66},{"time":1738343718000,"value":64},{"time":1738343721000,"value":57},{"time":1738343724000,"value":55},{"time":1738343726000,"value":54},{"time":1738343729000,"value":53},{"time":1738343732000,"value":53},{"time":1738343735000,"value":53},{"time":1738343738000,"value":53},{"time":1738343741000,"value":53},{"time":1738343744000,"value":54},{"time":1738343747000,"value":52},{"time":1738343750000,"value":52},{"time":1738343753000,"value":57},{"time":1738343755000,"value":58},{"time":1738343758000,"value":58},{"time":1738343761000,"value":59},{"time":1738343764000,"value":58},{"time":1738343767000,"value":59},{"time":1738343770000,"value":59},{"time":1738343773000,"value":59},{"time":1738343776000,"value":58},{"time":1738343779000,"value":58},{"time":1738343781000,"value":58},{"time":1738343784000,"value":58},{"time":1738343787000,"value":58},{"time":1738343790000,"value":58},{"time":1738343793000,"value":69},{"time":1738343796000,"value":72},{"time":1738343799000,"value":71},{"time":1738343802000,"value":71},{"time":1738343805000,"value":71},{"time":1738343808000,"value":60},{"time":1738343810000,"value":57},{"time":1738343813000,"value":56},{"time":1738343816000,"value":55},{"time":1738343819000,"value":55},{"time":1738343822000,"value":54},{"time":1738343825000,"value":54},{"time":1738343828000,"value":55},{"time":1738343831000,"value":55},{"time":1738343834000,"value":55},{"time":1738343837000,"value":55},{"time":1738343839000,"value":61},{"time":1738343842000,"value":61},{"time":1738343845000,"value":60},{"time":1738343848000,"value":58},{"time":1738343851000,"value":57},{"time":1738343854000,"value":58},{"time":1738343857000,"value":64},{"time":1738343860000,"value":64},{"time":1738343863000,"value":64},{"time":1738343865000,"value":64},{"time":1738343868000,"value":65},{"time":1738343871000,"value":65},{"time":1738343874000,"value":64},{"time":1738343877000,"value":66},{"time":1738343880000,"value":66},{"time":1738343883000,"value":64},{"time":1738341724000,"value":60},{"time":1738341727000,"value":60},{"time":1738341729000,"value":60},{"time":1738341732000,"value":60},{"time":1738341735000,"value":61},{"time":1738341738000,"value":61},{"time":1738341741000,"value":61},{"time":1738341744000,"value":60},{"time":1738341747000,"value":60},{"time":1738341750000,"value":60},{"time":1738341753000,"value":60},{"time":1738341756000,"value":60},{"time":1738341758000,"value":60},{"time":1738341761000,"value":60},{"time":1738341764000,"value":60},{"time":1738341767000,"value":60},{"time":1738341770000,"value":60},{"time":1738341773000,"value":59},{"time":1738341776000,"value":59},{"time":1738341779000,"value":59},{"time":1738341782000,"value":59},{"time":1738341784000,"value":59},{"time":1738341787000,"value":59},{"time":1738341790000,"value":59},{"time":1738341793000,"value":60},{"time":1738341796000,"value":60},{"time":1738341799000,"value":60},{"time":1738341802000,"value":60},{"time":1738341805000,"value":60},{"time":1738341808000,"value":60},{"time":1738341810000,"value":60},{"time":1738341813000,"value":61},{"time":1738341816000,"value":60},{"time":1738341819000,"value":60},{"time":1738341822000,"value":60},{"time":1738341825000,"value":60},{"time":1738341828000,"value":60},{"time":1738341831000,"value":59},{"time":1738341834000,"value":59},{"time":1738341837000,"value":59},{"time":1738341839000,"value":59},{"time":1738341842000,"value":59},{"time":1738341845000,"value":59},{"time":1738341848000,"value":59},{"time":1738341851000,"value":59},{"time":1738341854000,"value":59},{"time":1738341857000,"value":59},{"time":1738341860000,"value":58},{"time":1738341863000,"value":58},{"time":1738341865000,"value":58},{"time":1738341868000,"value":58},{"time":1738341871000,"value":58},{"time":1738341874000,"value":58},{"time":1738341877000,"value":58},{"time":1738341880000,"value":58},{"time":1738341883000,"value":58},{"time":1738341886000,"value":58},{"time":1738341889000,"value":58},{"time":1738341892000,"value":58},{"time":1738341894000,"value":58},{"time":1738341897000,"value":58},{"time":1738341900000,"value":58},{"time":1738341903000,"value":58},{"time":1738341906000,"value":58},{"time":1738341909000,"value":58},{"time":1738341912000,"value":58},{"time":1738341915000,"value":58},{"time":1738341918000,"value":58},{"time":1738341920000,"value":58},{"time":1738341923000,"value":58},{"time":1738341926000,"value":59},{"time":1738341929000,"value":59},{"time":1738341932000,"value":59},{"time":1738341935000,"value":59},{"time":1738341938000,"value":58},{"time":1738341941000,"value":58},{"time":1738341944000,"value":58},{"time":1738341947000,"value":59},{"time":1738341949000,"value":59},{"time":1738341952000,"value":59},{"time":1738341955000,"value":59},{"time":1738341958000,"value":59},{"time":1738341961000,"value":59},{"time":1738341964000,"value":59},{"time":1738341967000,"value":59},{"time":1738341970000,"value":59},{"time":1738341973000,"value":59},{"time":1738341975000,"value":59},{"time":1738341978000,"value":59},{"time":1738341981000,"value":59},{"time":1738341984000,"value":59},{"time":1738341987000,"value":59},{"time":1738341990000,"value":58},{"time":1738341993000,"value":58},{"time":1738341996000,"value":58},{"time":1738341999000,"value":58},{"time":1738342002000,"value":58},{"time":1738342004000,"value":58},{"time":1738342007000,"value":58},{"time":1738342010000,"value":58},{"time":1738342013000,"value":59},{"time":1738342016000,"value":59},{"time":1738342019000,"value":59},{"time":1738342022000,"value":59},{"time":1738342025000,"value":59},{"time":1738342028000,"value":59},{"time":1738342030000,"value":59},{"time":1738342033000,"value":59},{"time":1738342036000,"value":59},{"time":1738342039000,"value":59},{"time":1738342042000,"value":59},{"time":1738342045000,"value":58},{"time":1738342048000,"value":58},{"time":1738342051000,"value":58},{"time":1738342054000,"value":58},{"time":1738342057000,"value":58},{"time":1738342059000,"value":58},{"time":1738342062000,"value":58},{"time":1738342065000,"value":58},{"time":1738342068000,"value":58},{"time":1738342071000,"value":59},{"time":1738342074000,"value":59},{"time":1738342077000,"value":59},{"time":1738342080000,"value":59},{"time":1738342083000,"value":59},{"time":1738342085000,"value":59},{"time":1738342088000,"value":59},{"time":1738342091000,"value":59},{"time":1738342094000,"value":59},{"time":1738342097000,"value":58},{"time":1738342100000,"value":58},{"time":1738342103000,"value":58},{"time":1738342106000,"value":58},{"time":1738342109000,"value":59},{"time":1738342112000,"value":59},{"time":1738342114000,"value":59},{"time":1738342117000,"value":59},{"time":1738342120000,"value":59},{"time":1738342123000,"value":60},{"time":1738342126000,"value":60},{"time":1738342129000,"value":59},{"time":1738342132000,"value":59},{"time":1738342135000,"value":59},{"time":1738342138000,"value":59},{"time":1738342140000,"value":59},{"time":1738342143000,"value":59},{"time":1738342146000,"value":59},{"time":1738342149000,"value":59},{"time":1738342152000,"value":59},{"time":1738342155000,"value":59},{"time":1738342158000,"value":59},{"time":1738342161000,"value":60},{"time":1738342164000,"value":60},{"time":1738342166000,"value":60},{"time":1738342169000,"value":60},{"time":1738342172000,"value":61},{"time":1738342175000,"value":61},{"time":1738342178000,"value":61},{"time":1738342181000,"value":60},{"time":1738342184000,"value":60},{"time":1738342187000,"value":60},{"time":1738342190000,"value":60},{"time":1738342193000,"value":60},{"time":1738342195000,"value":60},{"time":1738342198000,"value":60},{"time":1738342201000,"value":60},{"time":1738342204000,"value":60},{"time":1738342207000,"value":60},{"time":1738342210000,"value":59},{"time":1738342213000,"value":59},{"time":1738342216000,"value":59},{"time":1738342219000,"value":59},{"time":1738342222000,"value":59},{"time":1738342224000,"value":59},{"time":1738342227000,"value":59},{"time":1738342230000,"value":59},{"time":1738342233000,"value":59},{"time":1738342236000,"value":59},{"time":1738342239000,"value":59},{"time":1738342242000,"value":59},{"time":1738342245000,"value":60},{"time":1738342248000,"value":60},{"time":1738342250000,"value":60},{"time":1738342253000,"value":60},{"time":1738342256000,"value":60},{"time":1738342259000,"value":60},{"time":1738342262000,"value":60},{"time":1738342265000,"value":60},{"time":1738342268000,"value":60},{"time":1738342271000,"value":60},{"time":1738342274000,"value":60},{"time":1738342277000,"value":60},{"time":1738342279000,"value":60},{"time":1738342282000,"value":59},{"time":1738342285000,"value":59},{"time":1738342288000,"value":59},{"time":1738342291000,"value":58},{"time":1738342294000,"value":58},{"time":1738342297000,"value":58},{"time":1738342300000,"value":58},{"time":1738342303000,"value":58},{"time":1738342306000,"value":58},{"time":1738342308000,"value":59},{"time":1738342311000,"value":59},{"time":1738342314000,"value":59},{"time":1738342317000,"value":59},{"time":1738342320000,"value":59},{"time":1738342323000,"value":59},{"time":1738342326000,"value":60},{"time":1738342329000,"value":60},{"time":1738342332000,"value":60},{"time":1738342334000,"value":60},{"time":1738342337000,"value":60},{"time":1738342340000,"value":61},{"time":1738342343000,"value":61},{"time":1738342346000,"value":61},{"time":1738342349000,"value":61},{"time":1738342352000,"value":61},{"time":1738342355000,"value":60},{"time":1738342358000,"value":60},{"time":1738342361000,"value":60},{"time":1738342364000,"value":60},{"time":1738342366000,"value":60},{"time":1738342369000,"value":60},{"time":1738342372000,"value":60},{"time":1738342375000,"value":60},{"time":1738342378000,"value":60},{"time":1738342381000,"value":60},{"time":1738342384000,"value":60},{"time":1738342387000,"value":60},{"time":1738342390000,"value":60},{"time":1738342392000,"value":59},{"time":1738342395000,"value":59},{"time":1738342398000,"value":59},{"time":1738342401000,"value":59},{"time":1738342404000,"value":59},{"time":1738342407000,"value":59},{"time":1738342410000,"value":59},{"time":1738342413000,"value":59},{"time":1738342416000,"value":59},{"time":1738342418000,"value":59},{"time":1738342421000,"value":58},{"time":1738342424000,"value":58},{"time":1738342427000,"value":58},{"time":1738342430000,"value":58},{"time":1738342433000,"value":59},{"time":1738342436000,"value":59},{"time":1738340463000,"value":64},{"time":1738340466000,"value":64},{"time":1738340469000,"value":64},{"time":1738340472000,"value":64},{"time":1738340475000,"value":65},{"time":1738340478000,"value":65},{"time":1738340480000,"value":65},{"time":1738340483000,"value":65},{"time":1738340486000,"value":65},{"time":1738340489000,"value":65},{"time":1738340492000,"value":65},{"time":1738340495000,"value":65},{"time":1738340498000,"value":65},{"time":1738340501000,"value":64},{"time":1738340504000,"value":64},{"time":1738340507000,"value":64},{"time":1738340509000,"value":64},{"time":1738340512000,"value":64},{"time":1738340515000,"value":64},{"time":1738340518000,"value":64},{"time":1738340521000,"value":64},{"time":1738340524000,"value":64},{"time":1738340527000,"value":64},{"time":1738340530000,"value":64},{"time":1738340533000,"value":64},{"time":1738340535000,"value":64},{"time":1738340538000,"value":64},{"time":1738340541000,"value":63},{"time":1738340544000,"value":63},{"time":1738340547000,"value":63},{"time":1738340550000,"value":63},{"time":1738340553000,"value":64},{"time":1738340556000,"value":64},{"time":1738340558000,"value":64},{"time":1738340561000,"value":64},{"time":1738340564000,"value":64},{"time":1738340567000,"value":65},{"time":1738340570000,"value":65},{"time":1738340573000,"value":65},{"time":1738340576000,"value":65},{"time":1738340579000,"value":65},{"time":1738340582000,"value":65},{"time":1738340584000,"value":65},{"time":1738340587000,"value":65},{"time":1738340590000,"value":65},{"time":1738340593000,"value":65},{"time":1738340596000,"value":65},{"time":1738340599000,"value":66},{"time":1738340602000,"value":65},{"time":1738340605000,"value":64},{"time":1738340608000,"value":64},{"time":1738340611000,"value":64},{"time":1738340613000,"value":64},{"time":1738340616000,"value":64},{"time":1738340619000,"value":64},{"time":1738340622000,"value":64},{"time":1738340625000,"value":64},{"time":1738340628000,"value":64},{"time":1738340631000,"value":64},{"time":1738340634000,"value":64},{"time":1738340636000,"value":63},{"time":1738340639000,"value":63},{"time":1738340642000,"value":63},{"time":1738340645000,"value":63},{"time":1738340648000,"value":63},{"time":1738340651000,"value":62},{"time":1738340654000,"value":62},{"time":1738340657000,"value":62},{"time":1738340660000,"value":62},{"time":1738340662000,"value":63},{"time":1738340665000,"value":63},{"time":1738340668000,"value":63},{"time":1738340671000,"value":63},{"time":1738340674000,"value":63},{"time":1738340677000,"value":63},{"time":1738340680000,"value":64},{"time":1738340683000,"value":64},{"time":1738340686000,"value":64},{"time":1738340689000,"value":64},{"time":1738340691000,"value":64},{"time":1738340694000,"value":64},{"time":1738340697000,"value":65},{"time":1738340700000,"value":65},{"time":1738340703000,"value":65},{"time":1738340706000,"value":65},{"time":1738340709000,"value":65},{"time":1738340712000,"value":65},{"time":1738340715000,"value":65},{"time":1738340717000,"value":65},{"time":1738340720000,"value":64},{"time":1738340723000,"value":64},{"time":1738340726000,"value":64},{"time":1738340729000,"value":64},{"time":1738340732000,"value":64},{"time":1738340735000,"value":64},{"time":1738340738000,"value":65},{"time":1738340741000,"value":65},{"time":1738340743000,"value":65},{"time":1738340746000,"value":65},{"time":1738340749000,"value":65},{"time":1738340752000,"value":65},{"time":1738340755000,"value":65},{"time":1738340758000,"value":65},{"time":1738340761000,"value":64},{"time":1738340764000,"value":64},{"time":1738340767000,"value":64},{"time":1738340769000,"value":64},{"time":1738340772000,"value":64},{"time":1738340775000,"value":64},{"time":1738340778000,"value":64},{"time":1738340781000,"value":64},{"time":1738340784000,"value":64},{"time":1738340787000,"value":64},{"time":1738340790000,"value":64},{"time":1738340793000,"value":64},{"time":1738340795000,"value":64},{"time":1738340798000,"value":64},{"time":1738340801000,"value":64},{"time":1738340804000,"value":64},{"time":1738340807000,"value":63},{"time":1738340810000,"value":65},{"time":1738340813000,"value":63},{"time":1738340816000,"value":63},{"time":1738340819000,"value":63},{"time":1738340822000,"value":63},{"time":1738340824000,"value":63},{"time":1738340827000,"value":63},{"time":1738340830000,"value":63},{"time":1738340833000,"value":64},{"time":1738340836000,"value":64},{"time":1738340839000,"value":64},{"time":1738340842000,"value":63},{"time":1738340845000,"value":63},{"time":1738340848000,"value":64},{"time":1738340850000,"value":64},{"time":1738340853000,"value":64},{"time":1738340856000,"value":63},{"time":1738340859000,"value":63},{"time":1738340862000,"value":63},{"time":1738340865000,"value":63},{"time":1738340868000,"value":63},{"time":1738340871000,"value":63},{"time":1738340874000,"value":63},{"time":1738340876000,"value":62},{"time":1738340879000,"value":61},{"time":1738340882000,"value":61},{"time":1738340885000,"value":62},{"time":1738340888000,"value":62},{"time":1738340891000,"value":62},{"time":1738340894000,"value":62},{"time":1738340897000,"value":62},{"time":1738340900000,"value":62},{"time":1738340903000,"value":62},{"time":1738340905000,"value":63},{"time":1738340908000,"value":62},{"time":1738340911000,"value":63},{"time":1738340914000,"value":63},{"time":1738340917000,"value":63},{"time":1738340920000,"value":63},{"time":1738340923000,"value":63},{"time":1738340926000,"value":63},{"time":1738340928000,"value":63},{"time":1738340931000,"value":63},{"time":1738340934000,"value":63},{"time":1738340937000,"value":63},{"time":1738340940000,"value":63},{"time":1738340943000,"value":63},{"time":1738340946000,"value":63},{"time":1738340949000,"value":63},{"time":1738340952000,"value":63},{"time":1738340954000,"value":63},{"time":1738340957000,"value":63},{"time":1738340960000,"value":63},{"time":1738340963000,"value":63},{"time":1738340966000,"value":62},{"time":1738340969000,"value":62},{"time":1738340972000,"value":62},{"time":1738340975000,"value":62},{"time":1738340978000,"value":62},{"time":1738340981000,"value":62},{"time":1738340983000,"value":62},{"time":1738340986000,"value":62},{"time":1738340989000,"value":62},{"time":1738340992000,"value":62},{"time":1738340995000,"value":62},{"time":1738340998000,"value":62},{"time":1738341001000,"value":62},{"time":1738341004000,"value":62},{"time":1738341007000,"value":62},{"time":1738341009000,"value":62},{"time":1738341012000,"value":62},{"time":1738341015000,"value":62},{"time":1738341018000,"value":62},{"time":1738341021000,"value":62},{"time":1738341024000,"value":62},{"time":1738341027000,"value":62},{"time":1738341030000,"value":62},{"time":1738341033000,"value":62},{"time":1738341035000,"value":62},{"time":1738341038000,"value":62},{"time":1738341041000,"value":62},{"time":1738341044000,"value":63},{"time":1738341047000,"value":63},{"time":1738341050000,"value":62},{"time":1738341053000,"value":61},{"time":1738341056000,"value":61},{"time":1738341059000,"value":60},{"time":1738341061000,"value":60},{"time":1738341064000,"value":61},{"time":1738341067000,"value":61},{"time":1738341070000,"value":61},{"time":1738341073000,"value":61},{"time":1738341076000,"value":61},{"time":1738341079000,"value":61},{"time":1738341082000,"value":60},{"time":1738341085000,"value":59},{"time":1738341087000,"value":59},{"time":1738341090000,"value":59},{"time":1738341093000,"value":59},{"time":1738341096000,"value":59},{"time":1738341099000,"value":59},{"time":1738341102000,"value":60},{"time":1738341105000,"value":61},{"time":1738341108000,"value":61},{"time":1738341111000,"value":62},{"time":1738341114000,"value":62},{"time":1738341116000,"value":62},{"time":1738341119000,"value":62},{"time":1738341122000,"value":62},{"time":1738341125000,"value":62},{"time":1738341128000,"value":62},{"time":1738341131000,"value":62},{"time":1738341134000,"value":62},{"time":1738341137000,"value":62},{"time":1738341140000,"value":63},{"time":1738341142000,"value":64},{"time":1738341145000,"value":64},{"time":1738341148000,"value":63},{"time":1738341151000,"value":63},{"time":1738341154000,"value":63},{"time":1738341157000,"value":63},{"time":1738341160000,"value":63},{"time":1738341163000,"value":63},{"time":1738341166000,"value":63},{"time":1738341169000,"value":63},{"time":1738341171000,"value":63},{"time":1738341174000,"value":63},{"time":1738341177000,"value":63},{"time":1738341180000,"value":64},{"time":1738341183000,"value":64},{"time":1738341186000,"value":64},{"time":1738341189000,"value":64},{"time":1738341192000,"value":64},{"time":1738341195000,"value":66},{"time":1738341197000,"value":65},{"time":1738341200000,"value":64},{"time":1738341203000,"value":64},{"time":1738341206000,"value":63},{"time":1738341209000,"value":63},{"time":1738341212000,"value":62},{"time":1738341215000,"value":62},{"time":1738341218000,"value":63},{"time":1738341221000,"value":62},{"time":1738341223000,"value":62},{"time":1738341226000,"value":63},{"time":1738341229000,"value":63},{"time":1738341232000,"value":63},{"time":1738341235000,"value":63},{"time":1738341238000,"value":63},{"time":1738341241000,"value":63},{"time":1738341244000,"value":63},{"time":1738341247000,"value":63},{"time":1738341249000,"value":63},{"time":1738341252000,"value":63},{"time":1738341255000,"value":63},{"time":1738341258000,"value":63},{"time":1738341261000,"value":63},{"time":1738341264000,"value":63},{"time":1738341267000,"value":63},{"time":1738341270000,"value":63},{"time":1738341273000,"value":63},{"time":1738341275000,"value":63},{"time":1738341278000,"value":63},{"time":1738341281000,"value":63},{"time":1738341284000,"value":63},{"time":1738341287000,"value":63},{"time":1738341290000,"value":63},{"time":1738341293000,"value":63},{"time":1738341296000,"value":63},{"time":1738341299000,"value":64},{"time":1738341302000,"value":64},{"time":1738341304000,"value":64},{"time":1738341307000,"value":64},{"time":1738341310000,"value":63},{"time":1738341313000,"value":63},{"time":1738341316000,"value":62},{"time":1738341319000,"value":62},{"time":1738341322000,"value":61},{"time":1738341325000,"value":62},{"time":1738341328000,"value":61},{"time":1738341330000,"value":60},{"time":1738341333000,"value":60},{"time":1738341336000,"value":60},{"time":1738341339000,"value":60},{"time":1738341342000,"value":59},{"time":1738341345000,"value":59},{"time":1738341348000,"value":59},{"time":1738341351000,"value":60},{"time":1738341353000,"value":60},{"time":1738341356000,"value":60},{"time":1738341359000,"value":60},{"time":1738341362000,"value":60},{"time":1738341365000,"value":60},{"time":1738341368000,"value":60},{"time":1738341371000,"value":60},{"time":1738341374000,"value":60},{"time":1738341377000,"value":59},{"time":1738341380000,"value":59},{"time":1738341382000,"value":59},{"time":1738341385000,"value":59},{"time":1738341388000,"value":59},{"time":1738341391000,"value":58},{"time":1738341394000,"value":58},{"time":1738341397000,"value":58},{"time":1738341400000,"value":58},{"time":1738341403000,"value":58},{"time":1738341406000,"value":58},{"time":1738341408000,"value":58},{"time":1738341411000,"value":59},{"time":1738341414000,"value":59},{"time":1738341417000,"value":59},{"time":1738341420000,"value":59},{"time":1738341423000,"value":60},{"time":1738341426000,"value":61},{"time":1738341429000,"value":61},{"time":1738341432000,"value":60},{"time":1738341435000,"value":60},{"time":1738341437000,"value":61},{"time":1738341440000,"value":61},{"time":1738341443000,"value":61},{"time":1738341446000,"value":61},{"time":1738341449000,"value":60},{"time":1738341452000,"value":60},{"time":1738341455000,"value":60},{"time":1738341458000,"value":60},{"time":1738341461000,"value":61},{"time":1738341463000,"value":61},{"time":1738341466000,"value":61},{"time":1738341469000,"value":61},{"time":1738341472000,"value":62},{"time":1738341475000,"value":62},{"time":1738341478000,"value":62},{"time":1738341481000,"value":62},{"time":1738341484000,"value":62},{"time":1738341486000,"value":62},{"time":1738341489000,"value":62},{"time":1738341492000,"value":62},{"time":1738341495000,"value":62},{"time":1738341498000,"value":62},{"time":1738341501000,"value":62},{"time":1738341504000,"value":62},{"time":1738341507000,"value":62},{"time":1738341510000,"value":62},{"time":1738341513000,"value":62},{"time":1738341515000,"value":61},{"time":1738341518000,"value":62},{"time":1738341521000,"value":62},{"time":1738341524000,"value":62},{"time":1738341527000,"value":61},{"time":1738341530000,"value":60},{"time":1738341533000,"value":60},{"time":1738341536000,"value":60},{"time":1738341539000,"value":60},{"time":1738341541000,"value":61},{"time":1738341544000,"value":61},{"time":1738341547000,"value":61},{"time":1738341550000,"value":61},{"time":1738341553000,"value":60},{"time":1738341556000,"value":60},{"time":1738341559000,"value":60},{"time":1738341562000,"value":60},{"time":1738341565000,"value":60},{"time":1738341567000,"value":60},{"time":1738341570000,"value":60},{"time":1738341573000,"value":60},{"time":1738341576000,"value":60},{"time":1738341579000,"value":60},{"time":1738341582000,"value":59},{"time":1738341585000,"value":59},{"time":1738341588000,"value":59},{"time":1738341591000,"value":59},{"time":1738341594000,"value":59},{"time":1738341596000,"value":59},{"time":1738341599000,"value":59},{"time":1738341602000,"value":59},{"time":1738341605000,"value":59},{"time":1738341608000,"value":60},{"time":1738341611000,"value":61},{"time":1738341614000,"value":61},{"time":1738341617000,"value":61},{"time":1738341620000,"value":60},{"time":1738341623000,"value":60},{"time":1738341625000,"value":60},{"time":1738341628000,"value":60},{"time":1738341631000,"value":60},{"time":1738341634000,"value":60},{"time":1738341637000,"value":60},{"time":1738341640000,"value":61},{"time":1738341643000,"value":61},{"time":1738341646000,"value":60},{"time":1738341648000,"value":60},{"time":1738341651000,"value":60},{"time":1738341654000,"value":60},{"time":1738341657000,"value":59},{"time":1738341660000,"value":60},{"time":1738341663000,"value":60},{"time":1738341666000,"value":60},{"time":1738341669000,"value":60},{"time":1738341672000,"value":60},{"time":1738341675000,"value":60},{"time":1738341677000,"value":60},{"time":1738341680000,"value":60},{"time":1738341683000,"value":60},{"time":1738341686000,"value":59},{"time":1738341689000,"value":59},{"time":1738341692000,"value":59},{"time":1738341695000,"value":59},{"time":1738341698000,"value":59},{"time":1738341701000,"value":59},{"time":1738341703000,"value":60},{"time":1738341706000,"value":60},{"time":1738341709000,"value":60},{"time":1738341712000,"value":60},{"time":1738341715000,"value":60},{"time":1738341718000,"value":60},{"time":1738341721000,"value":60}]'),
	('1886713532788043800', 'published', NULL, NULL, '1886713532788043776', 1, '1738345582', '1738351558', 0, 0, 2025, 2, '4', 1, 'raw:d7fcd443a5aea5b91ee8a0ff', 0.24, 5976, 5976, 2152, 646, 0, NULL, NULL, NULL, 97, 97, 97, NULL, NULL, NULL, 'e9cc9988-cdcd-4861-8307-bc63cbf07dd1', '[{"startTime":1738345582000,"endTime":1738345744000,"value":1},{"startTime":1738345744000,"endTime":1738345959000,"value":2},{"startTime":1738345959000,"endTime":1738347090000,"value":1},{"startTime":1738347090000,"endTime":1738347628000,"value":2},{"startTime":1738347628000,"endTime":1738348813000,"value":1},{"startTime":1738348813000,"endTime":1738349028000,"value":2},{"startTime":1738349028000,"endTime":1738349297000,"value":3},{"startTime":1738349297000,"endTime":1738349781000,"value":2},{"startTime":1738349781000,"endTime":1738350481000,"value":1},{"startTime":1738350481000,"endTime":1738350750000,"value":2},{"startTime":1738350750000,"endTime":1738351127000,"value":3},{"startTime":1738351127000,"endTime":1738351558000,"value":2}]', '[{"time":1738351470000,"value":97}]', 'null', 'null'),
	('1887517831948476400', 'published', NULL, NULL, '1887517831948476416', 1, '1738775874', '1738803613', 72000, 25200, 2025, 2, '1', 6, 'raw:d7fcd443a5aea5b91ee8a0ff', 0.93, 27739, 27739, 7272, 6677, 8190, 102, 55, 60.76, 100, 91, 97.07, NULL, NULL, NULL, 'e9cc9988-cdcd-4861-8307-bc63cbf07dd1', '[{"startTime":1738775874000,"endTime":1738775982000,"value":1},{"startTime":1738775982000,"endTime":1738776520000,"value":3},{"startTime":1738776520000,"endTime":1738777275000,"value":4},{"startTime":1738777275000,"endTime":1738777975000,"value":2},{"startTime":1738777975000,"endTime":1738778675000,"value":1},{"startTime":1738778675000,"endTime":1738778999000,"value":2},{"startTime":1738778999000,"endTime":1738779160000,"value":1},{"startTime":1738779160000,"endTime":1738779537000,"value":2},{"startTime":1738779537000,"endTime":1738779914000,"value":3},{"startTime":1738779914000,"endTime":1738780076000,"value":4},{"startTime":1738780076000,"endTime":1738780507000,"value":3},{"startTime":1738780507000,"endTime":1738780669000,"value":1},{"startTime":1738780669000,"endTime":1738781100000,"value":2},{"startTime":1738781100000,"endTime":1738783470000,"value":4},{"startTime":1738783470000,"endTime":1738783631000,"value":3},{"startTime":1738783631000,"endTime":1738785409000,"value":2},{"startTime":1738785409000,"endTime":1738785678000,"value":3},{"startTime":1738785678000,"endTime":1738786379000,"value":4},{"startTime":1738786379000,"endTime":1738786971000,"value":3},{"startTime":1738786971000,"endTime":1738787187000,"value":4},{"startTime":1738787187000,"endTime":1738787833000,"value":3},{"startTime":1738787833000,"endTime":1738788587000,"value":4},{"startTime":1738788587000,"endTime":1738789179000,"value":3},{"startTime":1738789179000,"endTime":1738789556000,"value":4},{"startTime":1738789556000,"endTime":1738789826000,"value":3},{"startTime":1738789826000,"endTime":1738790526000,"value":2},{"startTime":1738790526000,"endTime":1738790687000,"value":1},{"startTime":1738790687000,"endTime":1738791818000,"value":2},{"startTime":1738791818000,"endTime":1738793165000,"value":3},{"startTime":1738793165000,"endTime":1738794458000,"value":4},{"startTime":1738794458000,"endTime":1738794619000,"value":3},{"startTime":1738794619000,"endTime":1738794835000,"value":2},{"startTime":1738794835000,"endTime":1738796180000,"value":1},{"startTime":1738796180000,"endTime":1738797041000,"value":2},{"startTime":1738797041000,"endTime":1738797364000,"value":1},{"startTime":1738797364000,"endTime":1738797634000,"value":2},{"startTime":1738797634000,"endTime":1738798118000,"value":3},{"startTime":1738798118000,"endTime":1738798441000,"value":4},{"startTime":1738798441000,"endTime":1738799034000,"value":3},{"startTime":1738799034000,"endTime":1738800273000,"value":4},{"startTime":1738800273000,"endTime":1738800596000,"value":2},{"startTime":1738800596000,"endTime":1738800811000,"value":1},{"startTime":1738800811000,"endTime":1738801566000,"value":1},{"startTime":1738801566000,"endTime":1738802212000,"value":1},{"startTime":1738802212000,"endTime":1738802428000,"value":3},{"startTime":1738802428000,"endTime":1738802589000,"value":2},{"startTime":1738802589000,"endTime":1738802643000,"value":1},{"startTime":1738802643000,"endTime":1738803397000,"value":1},{"startTime":1738803397000,"endTime":1738803613000,"value":1}]', '[{"time":1738803255000,"value":98},{"time":1738799660000,"value":91},{"time":1738801459000,"value":96},{"time":1738794268000,"value":99},{"time":1738797862000,"value":99},{"time":1738792474000,"value":97},{"time":1738788872000,"value":97},{"time":1738790670000,"value":99},{"time":1738785276000,"value":98},{"time":1738787087000,"value":96},{"time":1738781680000,"value":100},{"time":1738783478000,"value":96},{"time":1738778084000,"value":97},{"time":1738779892000,"value":98},{"time":1738776286000,"value":95}]', 'null', '[{"time":1738803216000,"value":55},{"time":1738799627000,"value":101},{"time":1738800239000,"value":99},{"time":1738800830000,"value":55},{"time":1738801420000,"value":61},{"time":1738802022000,"value":55},{"time":1738802622000,"value":55},{"time":1738796033000,"value":55},{"time":1738796633000,"value":55},{"time":1738797229000,"value":55},{"time":1738797832000,"value":55},{"time":1738798436000,"value":102},{"time":1738799030000,"value":101},{"time":1738792435000,"value":55},{"time":1738793041000,"value":55},{"time":1738793632000,"value":55},{"time":1738794238000,"value":55},{"time":1738794838000,"value":58},{"time":1738795439000,"value":55},{"time":1738788840000,"value":69},{"time":1738789442000,"value":84},{"time":1738790045000,"value":55},{"time":1738790648000,"value":55},{"time":1738791237000,"value":55},{"time":1738791841000,"value":55},{"time":1738785247000,"value":55},{"time":1738785850000,"value":55},{"time":1738786444000,"value":55},{"time":1738787045000,"value":55},{"time":1738787645000,"value":55},{"time":1738788245000,"value":55},{"time":1738781655000,"value":55},{"time":1738782260000,"value":55},{"time":1738782855000,"value":55},{"time":1738783451000,"value":55},{"time":1738784049000,"value":55},{"time":1738784649000,"value":55},{"time":1738778058000,"value":65},{"time":1738778658000,"value":61},{"time":1738779256000,"value":58},{"time":1738779855000,"value":55},{"time":1738780456000,"value":56},{"time":1738781056000,"value":55},{"time":1738776264000,"value":55},{"time":1738776861000,"value":55},{"time":1738777460000,"value":65}]'),
	('1887695730827665400', 'published', NULL, NULL, '1887695730827665408', 1, '1738859321', '1738869183', 72000, 25200, 2025, 2, '1', 7, 'raw:d7fcd443a5aea5b91ee8a0ff', 0.24, 9862, 9862, 2318, 1671, 2371, 86, 50, 61.78, 99, 96, 97.2, NULL, NULL, NULL, 'e9cc9988-cdcd-4861-8307-bc63cbf07dd1', '[{"startTime":1738859321000,"endTime":1738859429000,"value":1},{"startTime":1738859429000,"endTime":1738860561000,"value":4},{"startTime":1738860561000,"endTime":1738861154000,"value":2},{"startTime":1738861154000,"endTime":1738861423000,"value":3},{"startTime":1738861423000,"endTime":1738861585000,"value":4},{"startTime":1738861585000,"endTime":1738861908000,"value":3},{"startTime":1738861908000,"endTime":1738863686000,"value":1},{"startTime":1738863686000,"endTime":1738863956000,"value":3},{"startTime":1738863956000,"endTime":1738864603000,"value":2},{"startTime":1738864603000,"endTime":1738865680000,"value":4},{"startTime":1738865680000,"endTime":1738866489000,"value":3},{"startTime":1738866489000,"endTime":1738867135000,"value":1},{"startTime":1738867135000,"endTime":1738867836000,"value":2},{"startTime":1738867836000,"endTime":1738868159000,"value":1},{"startTime":1738868159000,"endTime":1738868536000,"value":2},{"startTime":1738868536000,"endTime":1738869129000,"value":1},{"startTime":1738869129000,"endTime":1738869183000,"value":1}]', '[{"time":1738867987000,"value":96},{"time":1738864390000,"value":98},{"time":1738866190000,"value":99},{"time":1738860795000,"value":97},{"time":1738862593000,"value":96}]', 'null', '[{"time":1738867912000,"value":55},{"time":1738868332000,"value":74},{"time":1738868339000,"value":75},{"time":1738868344000,"value":72},{"time":1738868349000,"value":69},{"time":1738868354000,"value":52},{"time":1738868360000,"value":50},{"time":1738868373000,"value":63},{"time":1738868378000,"value":61},{"time":1738868386000,"value":60},{"time":1738868398000,"value":61},{"time":1738868403000,"value":62},{"time":1738868431000,"value":75},{"time":1738868436000,"value":74},{"time":1738868441000,"value":76},{"time":1738868445000,"value":50},{"time":1738868452000,"value":51},{"time":1738868457000,"value":52},{"time":1738868510000,"value":57},{"time":1738869080000,"value":86},{"time":1738869085000,"value":85},{"time":1738869090000,"value":83},{"time":1738869095000,"value":80},{"time":1738869100000,"value":78},{"time":1738869105000,"value":58},{"time":1738869110000,"value":55},{"time":1738869166000,"value":61},{"time":1738869170000,"value":59},{"time":1738869176000,"value":57},{"time":1738869181000,"value":66},{"time":1738864319000,"value":55},{"time":1738864922000,"value":55},{"time":1738865516000,"value":55},{"time":1738866115000,"value":56},{"time":1738866720000,"value":55},{"time":1738867317000,"value":55},{"time":1738867708000,"value":57},{"time":1738867713000,"value":55},{"time":1738867718000,"value":51},{"time":1738867724000,"value":53},{"time":1738867729000,"value":55},{"time":1738867734000,"value":58},{"time":1738860724000,"value":67},{"time":1738861322000,"value":56},{"time":1738861921000,"value":65},{"time":1738862521000,"value":58},{"time":1738863120000,"value":58},{"time":1738863724000,"value":57},{"time":1738859529000,"value":56},{"time":1738860127000,"value":55}]');
/*!40000 ALTER TABLE "SleepReport" ENABLE KEYS */;

-- Dumping structure for table public.UserDevice
CREATE TABLE IF NOT EXISTS "UserDevice" (
	"id" UUID NOT NULL,
	"status" VARCHAR(255) NOT NULL DEFAULT 'draft',
	"date_created" TIMESTAMPTZ NULL DEFAULT NULL,
	"date_updated" TIMESTAMPTZ NULL DEFAULT NULL,
	"email" VARCHAR(255) NULL DEFAULT NULL,
	"password" VARCHAR(255) NULL DEFAULT NULL,
	"birthday" VARCHAR(255) NULL DEFAULT NULL,
	"expected_get_up_time" VARCHAR(255) NULL DEFAULT NULL,
	"expected_sleep_time" VARCHAR(255) NULL DEFAULT NULL,
	"gender" INTEGER NULL DEFAULT NULL,
	"goal_today_exercise" INTEGER NULL DEFAULT NULL,
	"goal_today_active" INTEGER NULL DEFAULT NULL,
	"goal_today_step" INTEGER NULL DEFAULT NULL,
	"heart_rate_warning_fitness_upper_limit" INTEGER NULL DEFAULT NULL,
	"heart_rate_warning_rest_lower_limit" INTEGER NULL DEFAULT NULL,
	"heart_rate_warning_rest_upper_limit" INTEGER NULL DEFAULT NULL,
	"height" INTEGER NULL DEFAULT NULL,
	"weight" INTEGER NULL DEFAULT NULL,
	"wwid" VARCHAR(255) NULL DEFAULT NULL,
	"device_id" UUID NULL DEFAULT NULL,
	PRIMARY KEY ("id"),
	UNIQUE INDEX "userdevice_device_id_unique" ("device_id"),
	CONSTRAINT "userdevice_device_id_foreign" FOREIGN KEY ("device_id") REFERENCES "Device" ("id") ON UPDATE NO ACTION ON DELETE SET NULL
);

-- Dumping data for table public.UserDevice: 6 rows
/*!40000 ALTER TABLE "UserDevice" DISABLE KEYS */;
INSERT INTO "UserDevice" ("id", "status", "date_created", "date_updated", "email", "password", "birthday", "expected_get_up_time", "expected_sleep_time", "gender", "goal_today_exercise", "goal_today_active", "goal_today_step", "heart_rate_warning_fitness_upper_limit", "heart_rate_warning_rest_lower_limit", "heart_rate_warning_rest_upper_limit", "height", "weight", "wwid", "device_id") VALUES
	('b49bf57a-bfe7-42c9-856a-744dc46c6b9e', 'published', NULL, NULL, NULL, NULL, '1990.01.01', '25200000', '72000000', 1, 1800, 10, 10000, 185, 40, 120, 170, 70, '513a095c21f94c02beb8ca39c5e139bb', 'b49bf57a-bfe7-42c9-856a-744dc46c6b9e'),
	('cfc098cd-889b-4ac9-858a-8d76ed7bb763', 'published', '2025-01-27 14:33:20.251+00', '2025-01-27 21:09:49.159+00', NULL, NULL, '1990.1.1', '25200000', '82800000', 1, 1800, 10, 10000, 195, 40, 120, 170, 60, '061c5c3d0f384f2398ee207731571fe8', 'cfc098cd-889b-4ac9-858a-8d76ed7bb763'),
	('e9cc9988-cdcd-4861-8307-bc63cbf07dd1', 'published', '2025-01-27 13:09:52.394+00', NULL, NULL, NULL, '1990.01.01', '25200000', '72000000', 1, 1800, 10, 10000, 195, 40, 120, 170, 70, '24ec1f03aefa4e019d4d04974ea5d928', 'e9cc9988-cdcd-4861-8307-bc63cbf07dd1'),
	('6a4649e3-80c6-453f-8daa-bc2415be879e', 'published', NULL, NULL, NULL, NULL, '2000.06.01', '21600000', '79200000', 1, 1800, 10, 10000, 195, 40, 120, 170, 70, '3f4717e8da4b4323bdb8063cae21e04a', '6a4649e3-80c6-453f-8daa-bc2415be879e'),
	('8c39c897-c79d-44be-b951-b2c3e93038e2', 'published', NULL, NULL, NULL, NULL, '1990.01.01', '25200000', '72000000', 1, 1800, 10, 10000, 195, 40, 120, 170, 60, '1f8d3532d4be4e0c869d9c10250ce74e', '8c39c897-c79d-44be-b951-b2c3e93038e2'),
	('ff5dd3c0-4563-44c6-a24b-13c956fb3092', 'published', '2025-01-27 14:33:11.513+00', NULL, NULL, NULL, '1990.1.1', '25200000', '82800000', 1, 1800, 10, 10000, 185, 40, 120, 170, 70, '939d0568a58141b580a091b954cf2751', 'ff5dd3c0-4563-44c6-a24b-13c956fb3092');
/*!40000 ALTER TABLE "UserDevice" ENABLE KEYS */;

-- Dumping structure for table public.users
CREATE TABLE IF NOT EXISTS "users" (
	"id" BIGINT NOT NULL DEFAULT 'nextval(''users_id_seq''::regclass)',
	"name" VARCHAR(255) NOT NULL,
	"email" VARCHAR(255) NOT NULL,
	"email_verified_at" TIMESTAMP NULL DEFAULT NULL,
	"password" VARCHAR(255) NOT NULL,
	"remember_token" VARCHAR(100) NULL DEFAULT NULL,
	"created_at" TIMESTAMP NULL DEFAULT NULL,
	"updated_at" TIMESTAMP NULL DEFAULT NULL,
	PRIMARY KEY ("id"),
	UNIQUE INDEX "users_email_unique" ("email")
);

-- Dumping data for table public.users: 0 rows
/*!40000 ALTER TABLE "users" DISABLE KEYS */;
INSERT INTO "users" ("id", "name", "email", "email_verified_at", "password", "remember_token", "created_at", "updated_at") VALUES
	(1, 'Darkone', 'user@demo.com', '2025-02-07 02:42:05', '$2y$12$dqlwETasEK874DHWF4jvouD7k6asHB1uUoc07vTuJYr805AkXSGji', '928YQjat1o', '2025-02-07 02:42:06', '2025-02-07 02:42:06');
/*!40000 ALTER TABLE "users" ENABLE KEYS */;

/*!40103 SET TIME_ZONE=IFNULL(@OLD_TIME_ZONE, 'system') */;
/*!40101 SET SQL_MODE=IFNULL(@OLD_SQL_MODE, '') */;
/*!40014 SET FOREIGN_KEY_CHECKS=IFNULL(@OLD_FOREIGN_KEY_CHECKS, 1) */;
/*!40101 SET CHARACTER_SET_CLIENT=@OLD_CHARACTER_SET_CLIENT */;
/*!40111 SET SQL_NOTES=IFNULL(@OLD_SQL_NOTES, 1) */;
